Date,High,Low,Open,Close,Volume,Adj Close,ticker
2018-01-02,862056.401908548,849669.8424297882,854667.5712048126,856536.3931347443,47175203.0,791700.7871861542,My Portfolio
2018-01-03,863063.0913908996,853183.4568236389,859823.8848937072,860780.5406859436,65818581.0,795587.2997341034,My Portfolio
2018-01-04,860711.1612959168,847141.5656843445,859035.4967298767,854413.4200697205,95337832.0,792532.1286433747,My Portfolio
2018-01-05,862961.6307722717,851695.3300673156,854468.6844526916,861119.3139235168,88591265.0,798787.6655133453,My Portfolio
2018-01-08,868599.2211237518,858517.6514673798,861313.9212885468,863097.2537470429,72918496.0,800672.0837677368,My Portfolio
2018-01-09,870213.9722542969,862193.7941842285,866309.6462960449,866043.3273415772,72289151.0,803427.0551983704,My Portfolio
2018-01-10,848550.4636118591,830932.7664225281,846503.7737925232,833551.111332196,101564129.0,772231.1158501708,My Portfolio
2018-01-11,821532.4036865234,801022.2580718994,820259.2601776123,808645.7057952881,107656998.0,748619.7117462158,My Portfolio
2018-01-12,817819.6463165283,807952.8108825684,810301.050704956,812992.958770752,105236967.0,752672.7909545898,My Portfolio
2018-01-15,819752.6485900879,808677.3463134766,814553.7514038086,815487.0514068604,71176995.0,754906.807510376,My Portfolio
2018-01-16,827067.0861358643,812199.3963165283,816846.8361358643,820182.9668426514,73465613.0,759348.8754730225,My Portfolio
2018-01-17,825087.9985961914,809745.3463134766,821661.3368377686,812522.3087768555,106324647.0,752354.4276885986,My Portfolio
2018-01-18,813272.7492980957,798410.1124572754,807343.3101806641,807626.1977233887,120505234.0,747791.1491394043,My Portfolio
2018-01-19,828835.2921215515,819656.7986217956,825029.2826458435,825305.6354595642,113293757.0,765262.5881683503,My Portfolio
2018-01-22,847905.7893856324,836864.7453487671,840795.1518429078,840589.9288662232,83165360.0,779924.143676883,My Portfolio
2018-01-23,847557.2029320954,836222.4874932526,843028.935384488,843932.7659203766,72782395.0,783054.8778212555,My Portfolio
2018-01-24,850982.9765505523,836378.5825075835,843306.0281252593,842397.2288241119,83697216.0,781532.6190259887,My Portfolio
2018-01-25,853491.6120460998,838687.9120491516,842927.7076576721,844695.5401161682,93271547.0,783613.8874778473,My Portfolio
2018-01-26,855761.1201849274,845113.432639151,848307.1003637604,850618.4317694,91877862.0,789124.5294355804,My Portfolio
2018-01-29,853886.2226711792,844578.0431973023,852196.4300381226,847960.6909176392,72872720.0,786643.2789387451,My Portfolio
2018-01-30,849737.0146430603,837106.1507819763,845508.5978034607,838072.2869208923,83983127.0,777489.5848512573,My Portfolio
2018-01-31,842408.5632717377,831171.3037960296,840063.2595913177,835627.0125667816,96411180.0,775218.0687362762,My Portfolio
2018-02-01,846003.0705357392,813286.0087834198,834539.8559666474,824420.2059727509,204919051.0,764704.043222525,My Portfolio
2018-02-02,837915.1532028564,814706.2988174804,824441.5921524414,825812.3082931885,201665704.0,766033.4224455201,My Portfolio
2018-02-05,804259.8799630615,782049.3989144776,804018.4836465332,786491.1813699219,139168244.0,728598.0404993042,My Portfolio
2018-02-06,768345.7514038086,733194.5,751274.1471862793,752108.0007019043,170632931.0,696263.8044433594,My Portfolio
2018-02-07,775828.1273651123,751362.8631591797,756839.4043884277,772596.9564971924,119436496.0,715169.1729431152,My Portfolio
2018-02-08,772630.6963195801,754743.344909668,769118.2485961914,755427.4463195801,105990452.0,699266.5043487549,My Portfolio
2018-02-09,759935.4161376953,744163.6631622314,754107.8780670166,747234.41456604,109928548.0,691783.7836761475,My Portfolio
2018-02-12,761952.1557922363,749171.4898223877,757332.594909668,750657.7928009033,103429021.0,694934.3120269775,My Portfolio
2018-02-13,756922.6566619873,745140.0007019043,752316.6028137207,748129.3463134766,90611215.0,692625.5654449463,My Portfolio
2018-02-14,779252.8846921234,764265.0418881683,771110.1367978363,769121.8253964691,117983520.0,713011.3804689636,My Portfolio
2018-02-15,791880.253663971,783343.0245379944,788580.7189349671,786883.7310351868,84904124.0,729911.2496818511,My Portfolio
2018-02-16,805953.7107563659,790407.7549610778,792529.1844349548,804108.2858448669,125329661.0,745850.3231329864,My Portfolio
2018-02-19,806282.104332489,796425.1448598327,804635.174858612,798805.2769704284,77318892.0,740944.3860343964,My Portfolio
2018-02-20,806531.1711077514,796588.6291765991,802276.6711077514,800308.1719775024,63337708.0,742333.4701856811,My Portfolio
2018-02-21,803672.0721992585,793760.0383400056,800628.6346534821,796959.5897468659,64926950.0,739172.0058880951,My Portfolio
2018-02-22,795694.1917785767,783247.6956390503,792600.7424835328,793995.6521209839,104573467.0,736450.1877818604,My Portfolio
2018-02-23,805356.9501996764,792616.2691541442,796358.1589704284,801934.0403791198,74324314.0,743878.0752374665,My Portfolio
2018-02-26,810700.3782065246,801179.9532950256,806225.7120688293,805632.3259299133,57877804.0,747294.4056753234,My Portfolio
2018-02-27,814211.6576883667,798014.9482157105,810153.1055796021,801128.0627786987,77165362.0,743018.0123404297,My Portfolio
2018-02-28,797105.6846163117,774491.5700533234,789107.391983255,779702.2258455597,132663439.0,723374.1364051086,My Portfolio
2018-03-01,783815.7562828949,768383.8845177582,777782.1968041351,771542.6975060394,101318303.0,715894.1022006928,My Portfolio
2018-03-02,769839.354576828,756863.4908988494,762973.7479178924,760215.4352805633,80408843.0,705149.0278356536,My Portfolio
2018-03-05,775789.9822827729,762325.893156186,767154.7364941987,774329.6808759125,121469125.0,718526.5108871795,My Portfolio
2018-03-06,782533.3549008667,769838.1792874634,780135.7866483033,771954.0417447388,70129127.0,716324.1947690856,My Portfolio
2018-03-07,777252.9873760773,767801.5307110383,771020.8219402863,773511.175623758,85949847.0,717818.6194103119,My Portfolio
2018-03-08,788771.7155260742,776261.7590288818,779253.9118456542,784055.3214831054,82337614.0,727596.850962799,My Portfolio
2018-03-09,785544.3946053039,776141.3944374572,783923.2798744689,780550.6784645568,68846168.0,724351.5412661011,My Portfolio
2018-03-12,784907.9604652436,777187.0576484711,782521.8394020111,781493.5467689545,67617139.0,725269.402464444,My Portfolio
2018-03-13,783962.656682489,766647.6647543884,780955.6486105896,769021.7596640564,94114095.0,713740.0656418701,My Portfolio
2018-03-14,776016.3784396576,766107.784231894,768542.3608920502,768910.679846518,78278189.0,713630.72032724,My Portfolio
2018-03-15,771074.5568925507,760282.8061906464,769524.5886460907,765745.7430345184,76397818.0,710730.8022578796,My Portfolio
2018-03-16,770566.0193045166,761260.8031637695,765532.9875509766,763247.1331656006,134341908.0,708401.108369815,My Portfolio
2018-03-19,772737.773909848,755241.8875878265,764122.6298668792,762845.1096947601,72295481.0,708132.0081637055,My Portfolio
2018-03-20,773829.4697058655,756811.5604041077,764163.5084784485,761250.4872382141,86604347.0,706699.2305951691,My Portfolio
2018-03-21,763851.2946567505,752967.6811466187,761273.1837711304,757242.5720157593,99945453.0,702998.7329780792,My Portfolio
2018-03-22,759766.8906624664,743000.1001503814,753181.4041817535,749823.4187386383,141738297.0,696043.7298262329,My Portfolio
2018-03-23,756474.1015890198,741785.7903554993,744674.9263265686,749795.8661459045,108660527.0,695954.774820108,My Portfolio
2018-03-26,754911.7563775268,741982.2011101928,752129.158492395,745153.093749353,93846562.0,691665.9473346588,My Portfolio
2018-03-27,757554.3158935639,747485.0402740571,754599.2941345307,750836.6811431977,73879156.0,696945.9972167481,My Portfolio
2018-03-28,753889.1493477661,740191.1333870727,746572.7575936157,753346.0030312377,86852157.0,699305.004407666,My Portfolio
2018-03-29,760157.8135415588,749349.2547647033,752740.8382760559,751991.5928384338,81657582.0,701033.0146929504,My Portfolio
2018-04-03,752789.0649441772,740585.4600247436,747347.2124814086,748960.219683557,84444152.0,698240.8106722289,My Portfolio
2018-04-04,757660.482594046,743966.2280316681,751166.5478558869,755263.5017133087,90586683.0,704112.6709093354,My Portfolio
2018-04-05,774440.4395091401,759927.7016246186,765469.9665324555,773069.5084636079,123131765.0,720619.0042312194,My Portfolio
2018-04-06,777672.1824807923,767658.0905465882,771070.4759835999,774015.6935281556,70759548.0,721401.9667409577,My Portfolio
2018-04-09,781575.9162762085,773225.4075024048,776655.0308391968,776048.5192577759,78825897.0,723298.4369022858,My Portfolio
2018-04-10,784334.8962929413,776047.8027870819,778724.5520851776,781658.7013771698,85993886.0,728477.9325965759,My Portfolio
2018-04-11,784967.9453056244,774800.1888053803,779895.032143393,778398.8777549652,74262817.0,725386.6168523316,My Portfolio
2018-04-12,778109.1520340119,767438.7692215119,772450.8418533478,774266.6771194611,83342950.0,727494.6630386261,My Portfolio
2018-04-13,777623.5434808716,769833.8259363159,774628.490502356,775350.2941827759,64315332.0,728529.847731546,My Portfolio
2018-04-16,777880.7727893555,769696.7987445557,776239.3603290283,773376.129448291,58449173.0,726667.0434706146,My Portfolio
2018-04-17,779464.7726930573,771179.8249696686,774229.2742647126,775211.2490114167,78820819.0,728424.8759163116,My Portfolio
2018-04-18,780376.7923491577,772186.8320067505,775792.0511229614,776534.0849822144,93671892.0,729678.5663801453,My Portfolio
2018-04-19,783001.6957695037,774525.516997531,776321.766997531,779802.6443626434,75316238.0,732765.6724389526,My Portfolio
2018-04-20,791294.4309829315,780152.5237868866,782107.2650130829,786428.0164168915,101070914.0,738942.3507302643,My Portfolio
2018-04-23,795184.6963648438,783638.165313208,785918.240401709,792347.1021570801,85849692.0,744416.8850073151,My Portfolio
2018-04-24,797054.2202919769,786022.3057259369,793061.3388832855,787988.147660141,60057252.0,740336.9414842224,My Portfolio
2018-04-25,788719.7720246308,776704.4272828095,782412.1169342988,782617.3258728974,91288525.0,735355.1920021393,My Portfolio
2018-04-26,794997.3074178711,781863.9426870361,783916.9942617432,793631.7898702637,69596954.0,745695.7850347748,My Portfolio
2018-04-27,800191.2171178467,789576.0455480225,795252.1911626465,795690.4853673584,106024615.0,747692.9994896606,My Portfolio
2018-04-30,806203.9097517792,796088.5213393036,798896.8559035126,799773.0646742645,76671342.0,751514.4188275086,My Portfolio
2018-05-01,809379.1251146698,796690.6796648407,799133.5752794647,801689.2303697967,49776822.0,753363.9184641724,My Portfolio
2018-05-02,807587.6345363891,794373.4368130005,802744.1345363891,800108.035949353,80265424.0,751800.6747943908,My Portfolio
2018-05-03,803777.5104555023,790866.0443147552,800626.7155488861,794069.00027789,69513357.0,746210.651074942,My Portfolio
2018-05-04,802748.3067682099,794291.1669519257,797856.011693747,797995.9088800263,97204793.0,749882.7902757019,My Portfolio
2018-05-08,809740.7353393554,792804.1086761474,801213.5123626709,796196.8762237548,106115129.0,748290.438508014,My Portfolio
2018-05-09,807565.1653726012,792965.3015115173,801226.9478280456,800983.0934426696,131920864.0,752790.0244245422,My Portfolio
2018-05-10,819198.7615831573,800139.6035173615,804781.6666734894,816358.0812395294,117604877.0,767283.4486617248,My Portfolio
2018-05-11,835635.3865317596,815571.2924918426,816373.229167868,832257.9996909393,125094398.0,782295.1123256043,My Portfolio
2018-05-14,834713.4975197997,816324.3040230956,832827.4026101318,821819.115775415,126908393.0,772513.3759660156,My Portfolio
2018-05-15,815827.6845261292,801834.9619003967,811570.0483872131,803625.4594437317,208772986.0,755572.7388940094,My Portfolio
2018-05-16,809492.581705252,798409.0322209991,804433.9695989288,799486.7152043976,175131113.0,751737.5076989471,My Portfolio
2018-05-17,812760.3428535461,797096.2165412903,798895.6667060852,810258.3428535461,158693912.0,761931.572272348,My Portfolio
2018-05-18,811176.9992217652,800689.7776488892,808443.39659115,804774.2855376832,142718556.0,756825.37650242,My Portfolio
2018-05-21,813338.9017149231,803605.9231077454,808294.7720609924,809710.9699522278,84590387.0,761435.186696646,My Portfolio
2018-05-22,819757.6309903504,808720.0504697205,811672.1918729187,815161.084145868,125616835.0,766472.4794953095,My Portfolio
2018-05-23,819025.4902271668,806951.4177631775,814742.7737354676,807911.5824970643,177144707.0,759659.0248668427,My Portfolio
2018-05-24,796031.5403871154,781785.0952882385,794127.9668702697,782015.0205506897,98446688.0,735010.3492560273,My Portfolio
2018-05-25,805007.8545123383,797470.818364267,801880.0462542817,802618.8550311371,93118423.0,754731.4354366546,My Portfolio
2018-05-28,4822.745115661621,4822.745115661621,4822.745115661621,4822.745115661621,0.0,4755.421502685546,My Portfolio
2018-05-29,800692.0840138214,784482.6747273224,800008.0657795685,787917.6334980744,130988814.0,740887.1328582519,My Portfolio
2018-05-30,793605.9054268159,785649.1671760834,789576.5494545258,791820.0813911713,85456675.0,744519.8122902862,My Portfolio
2018-05-31,798338.0833817169,785691.4946213409,794873.8412857696,788204.0593491241,154084496.0,741196.3526907654,My Portfolio
2018-06-01,800932.8824084899,790248.7173236511,795578.74329411,796333.7024158142,115264247.0,748796.1177163573,My Portfolio
2018-06-04,805195.2518135865,793808.8684822876,794814.7860237915,802059.1656777222,100994731.0,753935.426592984,My Portfolio
2018-06-05,793256.193274887,783652.9564279632,789990.7773050384,789536.9002908783,91247971.0,742138.579320694,My Portfolio
2018-06-06,811255.6523562225,797696.4125338348,804918.7064028534,808317.249905661,115460706.0,760072.8282777832,My Portfolio
2018-06-07,809284.6364667146,792492.8257672517,804263.9329602448,794079.5234906403,184836668.0,758959.3914188172,My Portfolio
2018-06-08,798751.7667896088,787366.0427600677,792004.8653919037,792689.6146899994,143755830.0,757652.9702935943,My Portfolio
2018-06-11,787717.3020540619,777323.4904695892,780913.25784935,783241.3752046967,103082774.0,748537.6581101532,My Portfolio
2018-06-12,802936.6188404999,795207.4472554169,801729.6188404999,797222.9591877899,93439106.0,761975.0070043274,My Portfolio
2018-06-13,801517.3056825928,789646.3302339844,797762.9556764893,794334.4635652832,105986400.0,759142.5311702332,My Portfolio
2018-06-14,805836.2378399719,789738.5634472717,791437.8652050842,803780.7367871155,125188718.0,768167.4806313263,My Portfolio
2018-06-15,804314.180205948,791138.4080959626,802086.0742336579,792619.3333584138,184603848.0,757509.863263919,My Portfolio
2018-06-18,797997.8078740112,786393.8008549683,791864.0027897827,789799.8513768188,82820239.0,754848.5456323304,My Portfolio
2018-06-19,794201.6880848755,781376.5428212036,784857.8135273803,789805.8272145141,125033786.0,754869.0429028138,My Portfolio
2018-06-20,802344.2557156463,793304.0058987518,795264.3715145965,796543.186944284,84752602.0,761255.7804202851,My Portfolio
2018-06-21,800973.8300845856,788029.5239475006,798467.4786899323,791349.3860538239,94586650.0,756260.0715558135,My Portfolio
2018-06-22,806042.3916455933,790899.4654981324,793601.7979566285,802961.1390058228,75498861.0,767349.5002415344,My Portfolio
2018-06-25,803103.0072414185,790351.0077602173,799381.0868922974,794331.912148645,102755055.0,759053.4439831238,My Portfolio
2018-06-26,797483.8919328003,786541.2491257935,794434.0194810181,791388.0766709595,108376134.0,756224.2067322357,My Portfolio
2018-06-27,794421.4370946533,779507.2616490966,791130.5279760009,790630.0195531494,118210883.0,755546.4542192139,My Portfolio
2018-06-28,790378.4534080506,779246.2927024842,785894.7070854187,785095.9009483338,72871569.0,753288.8237046356,My Portfolio
2018-06-29,797777.550806833,785783.2287090546,791515.3622082002,788215.3906353242,96671292.0,756254.9600678405,My Portfolio
2018-07-02,787574.7072256164,775386.8281057434,782886.7491567688,778019.4724844055,97028556.0,746512.7346441436,My Portfolio
2018-07-03,788109.3667555115,779083.5142927429,780566.629740741,783124.6034193299,88661386.0,751458.4689165527,My Portfolio
2018-07-04,795376.2418521027,779871.4499209503,780578.6569369416,790325.8553622345,71686373.0,758349.4865769348,My Portfolio
2018-07-05,793630.5948281921,786139.9172769226,789520.2239480652,789281.3890329041,85610562.0,757351.5156995819,My Portfolio
2018-07-06,808536.3865388306,794090.0900453003,795674.6849549683,802967.9539063843,129563560.0,770391.1837143616,My Portfolio
2018-07-09,809651.1604552949,796437.7925658906,806848.2225585664,799731.3108154023,72024707.0,767300.0157626893,My Portfolio
2018-07-10,803565.8163413911,793252.2863426118,801855.8556327729,798169.7230033784,94455348.0,765769.9134331329,My Portfolio
2018-07-11,794935.6193563293,780908.8319875549,792420.4805929016,784306.3544484924,140322163.0,752430.1978757232,My Portfolio
2018-07-12,787226.2218486664,772010.1837779877,784385.8407909272,781923.2392131684,103192393.0,750174.9297420806,My Portfolio
2018-07-13,788808.0660197937,779721.8788249695,786353.4147899353,780095.6128642762,64931466.0,748417.1291364166,My Portfolio
2018-07-16,782953.5866694306,769699.1582484101,781760.9410548066,775524.278624997,92407292.0,744034.895874768,My Portfolio
2018-07-17,778008.8599445587,766843.0801136261,774634.4795887237,770517.5485431915,123226704.0,739255.7859912934,My Portfolio
2018-07-18,777794.5116796509,770649.1876440063,774434.5978155151,773532.0971136108,66262242.0,742115.8656641144,My Portfolio
2018-07-19,774599.2524376281,763298.820156134,770804.8887443908,765057.6508598693,119171112.0,733985.5704832214,My Portfolio
2018-07-20,766758.285115982,756729.2709100494,763360.8535363922,763525.1642358551,116789840.0,732519.6348561889,My Portfolio
2018-07-23,765988.7431095978,756965.2836369416,760360.5067967316,758977.2503117463,61687836.0,728183.5337517089,My Portfolio
2018-07-24,770580.3255549714,757123.4059077546,764584.5343257233,763647.8109980866,84045318.0,732669.2081054688,My Portfolio
2018-07-25,773040.8122271392,753217.5436266754,759305.0774859283,764453.139940152,115008215.0,733380.6267629181,My Portfolio
2018-07-26,768418.2975875793,751339.9000503479,764813.9926864563,757464.6081191956,111361563.0,726830.2638391051,My Portfolio
2018-07-27,768560.3399837799,757496.246661026,759967.8008602448,764802.7257717438,104703529.0,733891.2192701295,My Portfolio
2018-07-30,777218.5234043275,758998.2353336487,761041.6312992249,774151.7970859681,144257357.0,742970.8582682465,My Portfolio
2018-07-31,783503.2886727905,771803.1537698364,776177.2567514038,776030.0177987671,97174699.0,744780.7327158081,My Portfolio
2018-08-01,776112.0662459168,766126.2830885681,774933.7030867371,767434.753440741,103983694.0,736575.2139003449,My Portfolio
2018-08-02,770551.6502939239,757765.9474893585,766893.2606454864,761333.2599435821,84367466.0,730667.7656519257,My Portfolio
2018-08-03,773296.5148861175,761079.948739267,765537.9257595306,771528.7313778168,73612391.0,740466.6183569061,My Portfolio
2018-08-06,762339.1240149536,751675.2612067261,758878.9364691772,755906.3801489868,90720323.0,725444.8623984833,My Portfolio
2018-08-07,779268.0641645325,768301.7641614807,770980.9206556213,776008.3590711487,118787505.0,744722.9413218567,My Portfolio
2018-08-08,781852.604993213,771671.3316625245,774564.3969243653,778377.2451757081,63833693.0,746953.3849381043,My Portfolio
2018-08-09,778653.3750899445,771136.6289504181,777868.8324568878,775566.3340285431,51761154.0,744234.7387374756,My Portfolio
2018-08-10,776010.8013435943,767066.1115242584,774711.1560799225,769195.9613472564,64809375.0,738106.1024775666,My Portfolio
2018-08-13,767766.1714996307,758322.9006256072,765877.4806274383,759943.7892211883,88821609.0,729252.8487092651,My Portfolio
2018-08-14,763538.7498945068,752118.3756879638,762394.2063916991,753314.1920026611,120854395.0,722890.8777208191,My Portfolio
2018-08-15,756386.9039747254,742831.1162549988,755904.1113416688,745291.8960706727,115442356.0,715160.7303872223,My Portfolio
2018-08-16,756863.1117029907,745453.7488947632,747278.7153864624,755238.9088984253,109664829.0,724684.2154600006,My Portfolio
2018-08-17,758456.4643160156,750422.1818605713,753747.3669496826,755076.595724707,59982541.0,724508.1025132263,My Portfolio
2018-08-20,760368.3674893158,753529.9760861176,755024.6964382904,756042.2004666107,46992897.0,725455.5342645508,My Portfolio
2018-08-21,757508.6387976531,750885.0251196746,754369.6538885955,753050.22792424,127223645.0,722600.8933776459,My Portfolio
2018-08-22,760718.9566844054,749103.6659739562,752228.6312449523,753618.7322886535,49804913.0,723095.7203902679,My Portfolio
2018-08-23,758232.4814988037,752425.739219751,756370.1965866943,753400.1118546387,38167016.0,722881.3932625579,My Portfolio
2018-08-24,754408.9255234009,748392.6911331421,753403.0172744995,750201.2292038208,57719340.0,719842.9431060639,My Portfolio
2018-08-27,4835.2799072265625,4835.2799072265625,4835.2799072265625,4835.2799072265625,0.0,4767.781091308593,My Portfolio
2018-08-28,755301.3677294006,746462.1306993713,752193.8310625305,751426.7789537659,73956712.0,721035.5635872192,My Portfolio
2018-08-29,755878.3170155121,744426.2317493989,751672.6015766694,748905.7666615082,84598096.0,718599.5476405639,My Portfolio
2018-08-30,747789.4040164643,729982.457345932,744449.9427890473,735573.3540134125,140831590.0,705762.7108342529,My Portfolio
2018-08-31,738753.3031554138,725840.9138579285,731980.6917509949,730011.9791197693,234776497.0,700411.3075269562,My Portfolio
2018-09-03,738792.8441440124,728184.5650149841,731580.8467685241,731521.1802798767,85375049.0,701872.7219885101,My Portfolio
2018-09-04,735718.2103541137,721201.8235132934,733768.9877283813,726502.2286036254,86307014.0,697036.0303958099,My Portfolio
2018-09-05,729204.6210764832,717525.7496622986,724383.8563364929,719934.9044016785,103007327.0,690751.5912194701,My Portfolio
2018-09-06,728931.1032689636,714787.3444951599,722064.0564244812,718052.3231023377,157787736.0,688954.5123529602,My Portfolio
2018-09-07,723476.815523285,714237.6444722596,719460.980089325,718724.9923726502,92008698.0,689625.9594793548,My Portfolio
2018-09-10,727859.767486145,716651.8711696167,722044.4536281128,723973.511703064,76210580.0,694626.0384910675,My Portfolio
2018-09-11,727564.5019620727,718483.8537229369,725394.097573645,724727.5324949096,76218770.0,695379.296497934,My Portfolio
2018-09-12,729052.4470972504,719256.5288538422,723606.3467554535,726795.5014795746,67249700.0,697320.5126673004,My Portfolio
2018-09-13,733318.1603097596,720486.8013620056,726476.8227548279,724924.447678534,86699854.0,695601.1860081756,My Portfolio
2018-09-14,729634.1158565277,721424.4825252289,728042.0107692474,724465.8646358246,79423638.0,695139.6018451966,My Portfolio
2018-09-17,728868.9562922486,717687.0882197388,720934.51348219,723194.3297968872,59612316.0,693958.5380566651,My Portfolio
2018-09-18,725799.3642312011,712356.2077370605,720836.9900093994,718242.3468514404,83617316.0,689311.6445114075,My Portfolio
2018-09-19,720378.6695165986,711930.5951300019,717662.0700445527,717685.1560125703,74483255.0,688780.3139490813,My Portfolio
2018-09-20,720986.2468215942,712886.052607727,716053.1775161743,715769.6089279174,93916573.0,686953.1808150054,My Portfolio
2018-09-21,727181.0349603302,716297.4153161652,717685.4579492218,723867.2423272736,228827641.0,694781.6409181518,My Portfolio
2018-09-24,727311.1017492004,719604.384906549,722895.531390924,720987.1224401183,71338074.0,691997.042123941,My Portfolio
2018-09-25,727757.0092611236,715621.5145254058,721106.7915334625,723320.974867813,165669394.0,694119.3546454925,My Portfolio
2018-09-26,727373.1546806244,717784.1010002044,723443.048372641,723231.417147055,109180496.0,693996.657659726,My Portfolio
2018-09-27,728503.3282529968,718178.9299986023,720901.3242094177,726020.2528135437,80179962.0,696670.1489970887,My Portfolio
2018-09-28,725743.1202513672,715288.9148070313,724297.1860472657,718841.6355101563,130118874.0,689762.1891530091,My Portfolio
2018-10-01,724066.9260546784,713086.805708609,719163.0811450104,716389.6520220856,124459846.0,687363.0767268615,My Portfolio
2018-10-02,715342.1653494416,707422.6328939972,713430.6788534699,707965.7792105256,170447007.0,679289.0405967041,My Portfolio
2018-10-03,725924.0247976196,706997.8149740112,710387.6837484252,717772.3332235229,142432166.0,688621.0730078522,My Portfolio
2018-10-04,715449.7913393097,698604.7867769317,712779.6727480011,701073.7451967315,101767749.0,675605.4915712525,My Portfolio
2018-10-05,713665.4744521606,698163.1811171997,703977.8644515503,702385.7191878784,101217980.0,676864.0411601623,My Portfolio
2018-10-08,703673.9169791351,689928.7304862152,700646.6866324554,689928.7304862152,135039140.0,664865.6170403138,My Portfolio
2018-10-09,695107.498596808,681917.987885138,689054.6363073792,687696.693329474,139421171.0,662682.3453853424,My Portfolio
2018-10-10,697622.1167255035,682152.3346210113,685081.8774219146,689279.7302356353,172945523.0,664174.4871644287,My Portfolio
2018-10-11,687544.8858212647,674960.068453711,682857.1087979493,677355.1061734376,163841187.0,652727.9928715606,My Portfolio
2018-10-12,688238.416355066,674348.8551368043,683148.071445398,680119.5167121217,105898409.0,655280.6869457946,My Portfolio
2018-10-15,684957.8116760254,671833.9064178467,681290.4502716064,680402.997467041,114615367.0,655541.8514699768,My Portfolio
2018-10-16,687856.4877688141,676212.2512728424,680346.2109286041,683881.2314516754,66441372.0,658934.6722387329,My Portfolio
2018-10-17,686850.8663480012,676816.7598569123,686020.2024838654,680171.640380594,85701616.0,655412.9293595306,My Portfolio
2018-10-18,692876.7604076995,674482.4761974944,681213.3342754974,679428.4811108245,89313107.0,654802.9784097625,My Portfolio
2018-10-19,685754.8015703277,673994.7687639312,680232.2813982086,681298.7808794098,111701230.0,656647.0753740784,My Portfolio
2018-10-22,688020.7967620301,674450.7639556336,682194.4767699647,678046.9915099549,117177937.0,653459.8081600647,My Portfolio
2018-10-23,674448.967127237,659911.8937934968,671870.7536262604,666238.5062507722,137398121.0,642035.6244300231,My Portfolio
2018-10-24,674625.7443462341,662995.9280315369,668878.8936382263,666023.0210033386,91367285.0,641893.3739304779,My Portfolio
2018-10-25,668243.9210834992,652086.999513675,662235.100206424,662792.222673465,90630299.0,641856.5291889312,My Portfolio
2018-10-26,661896.8643596405,648608.4008434052,657725.7736461395,655430.2138316864,79110612.0,634737.0600504212,My Portfolio
2018-10-29,674799.1132499237,654361.895705368,656468.6814872284,667564.3358756561,183350144.0,646478.303035788,My Portfolio
2018-10-30,671172.5337763459,662039.550622049,667945.1144800812,667685.3809748322,112163960.0,646593.7012802276,My Portfolio
2018-10-31,678003.6720607453,667184.0357387238,672502.5280177766,672165.7969691926,145999465.0,650909.3731085755,My Portfolio
2018-11-01,691670.2043022278,668568.6779808167,670823.2995628479,686881.2472862366,143749341.0,665885.275759137,My Portfolio
2018-11-02,696130.5554266754,685320.1473608795,692460.1480627838,688979.4864722076,90796406.0,667901.1457892242,My Portfolio
2018-11-05,694022.2389784607,682277.3726607116,685453.5691481384,687316.2661696228,63678352.0,666298.0801726135,My Portfolio
2018-11-06,692954.2645886536,679275.5012524719,688061.6998456116,681966.8126538391,116977329.0,661119.8462445373,My Portfolio
2018-11-07,682683.1834697814,666100.4775066467,672268.339963922,680512.7171611877,107493222.0,659772.3763805481,My Portfolio
2018-11-08,689445.6798652068,673789.6816199676,680105.2631934539,686422.2856543914,87595885.0,665503.260332431,My Portfolio
2018-11-09,688883.5736624481,676364.8610312225,683199.6754080536,682310.1418997528,97653680.0,661527.3616354705,My Portfolio
2018-11-12,687436.6753034119,671326.1245984558,684909.8745984558,677498.7721356873,95191193.0,656851.9458295349,My Portfolio
2018-11-13,702074.4525837952,687435.4995961243,692023.1741566712,696673.9018788391,226318259.0,675434.4688313538,My Portfolio
2018-11-14,729951.733819925,685426.10346409,692935.2055759064,710402.7289065949,223074490.0,688650.2116107575,My Portfolio
2018-11-15,714461.8175465454,675614.4117543091,711354.227367102,681478.552455603,141372781.0,660681.1751942504,My Portfolio
2018-11-16,689280.2011964874,667760.5776918487,678467.2441804962,678568.8232973175,146764391.0,657897.4823289948,My Portfolio
2018-11-19,686943.7577821655,672403.7791902466,677665.9504091187,676982.0786592407,96112679.0,656345.5761720581,My Portfolio
2018-11-20,678191.691883429,665598.5083659729,672911.9606517395,670383.9885448059,114120362.0,649926.1789455017,My Portfolio
2018-11-21,689386.6514673767,670266.5858545838,675926.3797083435,688004.19426828,134809386.0,666992.78285318,My Portfolio
2018-11-22,688007.2739062683,672551.5456653015,682457.3875842468,676087.0377612488,114979097.0,662129.435011615,My Portfolio
2018-11-23,692514.6122148193,675952.295900122,676417.8911607421,689341.1736161865,130735677.0,675126.4584535279,My Portfolio
2018-11-26,713972.2195802124,693868.8227296264,697356.0571198852,709926.8413300903,201220609.0,695489.3953751953,My Portfolio
2018-11-27,714437.1460381348,698734.0179711182,707320.7628899415,710846.310955127,169582651.0,696526.7603859741,My Portfolio
2018-11-28,720180.1073266235,706276.7169762817,712237.967678186,709418.0013695923,228739792.0,695202.7534310548,My Portfolio
2018-11-29,711532.1977112,690833.5975372498,705797.411395282,693441.10736391,113315325.0,679628.9965973084,My Portfolio
2018-11-30,700931.0746127991,678919.1021549134,692683.8860141663,686641.7130252747,183007650.0,673141.6478107361,My Portfolio
2018-12-03,698674.9277405578,677857.8622956115,691746.5145783264,680697.9559845764,129293904.0,667359.5923950989,My Portfolio
2018-12-04,685494.1008799103,665284.4686014679,680598.5406992462,669114.8661386993,136823009.0,656067.3265116242,My Portfolio
2018-12-05,682480.9447584229,660264.8345747071,663802.9382581788,672279.2405347901,82481395.0,659028.7040021972,My Portfolio
2018-12-06,670347.7154031219,649166.7596078338,667973.4796090545,651400.5792642059,122777267.0,638715.8262658538,My Portfolio
2018-12-07,668569.316104782,652730.1608466033,656823.6376837615,657269.5459326629,92311443.0,644511.6043158417,My Portfolio
2018-12-10,644466.3487531738,625626.5685865479,642394.0412122803,626316.307005127,117978299.0,613985.2969129639,My Portfolio
2018-12-11,655520.7995571869,636925.8235897797,647145.4900784271,648857.9934201019,119760791.0,636364.429079892,My Portfolio
2018-12-12,663125.1374467773,643781.3158677978,649147.1572679443,659187.2053331299,126502345.0,646399.4444597168,My Portfolio
2018-12-13,666799.2836405335,649967.0843454895,663450.2915445862,653198.2432962952,78776101.0,640491.5439341125,My Portfolio
2018-12-14,653824.2248925018,639645.8029564667,648138.4619072723,652567.7859429169,83339634.0,639879.7097328949,My Portfolio
2018-12-17,656271.4679082276,643368.9282658936,650781.5582707764,646512.8993199707,88705955.0,633977.8503697754,My Portfolio
2018-12-18,649158.0099922699,636422.8551689667,644784.3068367523,640080.6197258515,129566858.0,627642.708893637,My Portfolio
2018-12-19,649315.7459685516,634937.8944747162,639398.6328093719,644194.0652587127,110969615.0,631700.6618193816,My Portfolio
2018-12-20,649298.0597083801,631998.5435645813,634369.967774176,638819.2657554382,146762366.0,626524.4248695129,My Portfolio
2018-12-21,639702.3985845245,627445.0940190948,633300.187791983,632625.6130544342,198374270.0,620359.9858358062,My Portfolio
2018-12-24,632879.0564287964,624370.184495813,625884.7758959595,626942.3223894897,37897674.0,614731.4896670165,My Portfolio
2018-12-27,633727.4191722565,611294.47671315,630087.5197810822,616209.2766170197,78003491.0,604231.2700938873,My Portfolio
2018-12-28,629075.9326654022,615827.702501828,618322.7047753875,626109.4060082977,65321080.0,613959.5424172943,My Portfolio
2018-12-31,629593.9803410522,621728.8348103515,625119.1155949584,624080.9658680907,22790692.0,611943.9675648682,My Portfolio
2019-01-02,627829.0162541717,611102.857921347,620006.084773764,625969.38081716,94434058.0,613866.4158696502,My Portfolio
2019-01-03,632803.1468834381,619114.5898613434,620503.1165337067,624834.5189842682,100577310.0,615936.4832329254,My Portfolio
2019-01-04,636183.4545559022,621765.7234233948,629026.0881542298,632906.7837719056,77735740.0,623912.4148830506,My Portfolio
2019-01-07,638058.524213269,627747.5809683349,635342.1213125732,632235.1000875976,112287916.0,623251.3281134155,My Portfolio
2019-01-08,648044.115325003,628551.886382132,629833.9065542511,642249.7528677277,99545836.0,632933.78696044,My Portfolio
2019-01-09,654697.716979831,635265.0050505097,646188.3632963593,644657.3908384736,121233388.0,635051.5361769134,My Portfolio
2019-01-10,650311.7587701294,639952.4915734741,645306.5094720337,644751.9294702027,71770025.0,635179.8876046631,My Portfolio
2019-01-11,657113.4873659515,641935.673675766,644783.7515718841,646678.7187654877,67512292.0,637013.5936388397,My Portfolio
2019-01-14,650730.8598015716,633728.3669884612,643899.5347130706,641639.7778771331,74891695.0,632006.3736931733,My Portfolio
2019-01-15,649627.222730838,628662.3846571075,648166.6529066192,642928.0481702911,105243871.0,633284.5490736114,My Portfolio
2019-01-16,647746.5770053894,636659.4008731872,641838.4984073669,644590.500864032,154331624.0,634917.9098102599,My Portfolio
2019-01-17,641167.9133388611,626074.1135189148,638231.9975521179,636166.9556209656,81287034.0,626871.5162242982,My Portfolio
2019-01-18,649513.5910438446,636227.1177162079,640061.3357795624,645537.7728065399,129721758.0,636029.075804892,My Portfolio
2019-01-21,648801.0220363738,636721.1613338592,645556.4053676727,642788.5523861053,52474481.0,633279.2956539276,My Portfolio
2019-01-22,651519.1755959106,637013.3936592651,642509.698575647,637501.968396814,69771483.0,628075.1587029053,My Portfolio
2019-01-23,647134.7525699188,632940.1676547576,636245.8220431854,641889.4776523162,78672077.0,632405.7697375824,My Portfolio
2019-01-24,648297.5328438964,631773.0530160156,639553.1307290283,637556.5133736816,123854017.0,628012.3961480346,My Portfolio
2019-01-25,645825.2674993775,616910.7739843628,633158.875394275,626954.9050421021,193715427.0,617471.9858877441,My Portfolio
2019-01-28,631974.2668260193,618680.5994676208,625282.1524461365,620017.4970048523,125117690.0,610711.4034898377,My Portfolio
2019-01-29,631254.8350674805,616546.7741849121,620877.7019040283,627423.7501523193,163635923.0,617899.804214209,My Portfolio
2019-01-30,637897.0531228669,619491.5420755036,624473.7934793122,634339.1750558503,113334218.0,624720.29650513,My Portfolio
2019-01-31,642768.0519926605,623109.0444395599,634378.5098784027,626980.3965513763,152014322.0,617620.8276472626,My Portfolio
2019-02-01,634050.4439397126,621568.3123631745,627056.2134099274,629487.0327153474,93892919.0,620022.5896275787,My Portfolio
2019-02-04,634358.2313454193,624058.4625771088,630999.9801247162,627809.5257332367,80316097.0,618372.6695900483,My Portfolio
2019-02-05,637562.6444727844,625378.6362330383,627253.041491217,635366.2434260314,83424623.0,625809.866794867,My Portfolio
2019-02-06,642472.1064545624,633348.5262848847,636694.0603119843,637669.619790744,91310192.0,628135.9181565277,My Portfolio
2019-02-07,636733.1361152099,626281.2362891601,632851.2564612792,629475.8234778808,88881550.0,620109.3461692261,My Portfolio
2019-02-08,633926.7018523347,625050.1718535554,628637.1643004548,629941.7179961335,56915302.0,620507.3563704621,My Portfolio
2019-02-11,640474.6711627075,630631.5695849487,634868.586781604,638456.6351977417,78812679.0,628914.9484088013,My Portfolio
2019-02-12,644280.9482056091,634501.7929474304,639347.2983795593,637946.1268097351,66696642.0,628388.4163055847,My Portfolio
2019-02-13,642872.2549800598,634989.6844539368,637950.5602473938,639517.1805934631,71267418.0,629879.815197345,My Portfolio
2019-02-14,645120.7997187623,635999.4688471803,640565.1541041383,640541.3221796998,71751131.0,630861.8431101807,My Portfolio
2019-02-15,647328.7875655976,637164.4926589814,641098.9758132782,642020.1230148163,84115823.0,632407.0258346405,My Portfolio
2019-02-18,647092.7460637604,639104.1909795318,642631.1516728912,643203.2534337555,54085939.0,633592.6025624786,My Portfolio
2019-02-19,645854.1383201233,635920.265151178,643896.5179587952,639907.1298972717,63909423.0,630348.8118934266,My Portfolio
2019-02-20,644545.5758399323,631960.2458381013,638550.5181159333,640522.6333808259,58297111.0,630888.8842627838,My Portfolio
2019-02-21,646180.0364203247,632067.0539679321,640574.1860785278,639630.2148413452,70337449.0,630037.8984320434,My Portfolio
2019-02-22,645631.3711877503,637692.5236535706,641935.5101342835,641432.1097894348,66086000.0,631807.411904303,My Portfolio
2019-02-25,643525.226475473,634933.9680526215,641579.0836684662,635942.7596328217,63737022.0,626402.901110788,My Portfolio
2019-02-26,640456.5749381927,627542.4768699554,632750.2079185394,635170.8835319427,105046328.0,625613.9996864228,My Portfolio
2019-02-27,635004.3680197418,619408.4357382477,627803.81310336,626453.8388907135,113681210.0,617082.2188772857,My Portfolio
2019-02-28,640537.9103236084,620413.1857600098,624658.5218119507,636456.3355860596,110773923.0,626842.8873927002,My Portfolio
2019-03-01,649196.8339338715,633467.6235762055,640522.8946333344,641560.6269178803,85466875.0,631719.3270079071,My Portfolio
2019-03-04,647816.6660874877,636016.9908250365,643189.5204728637,638949.0738023315,101285115.0,629044.9302201782,My Portfolio
2019-03-05,648920.6597892945,634450.5815422242,636562.8315422242,642258.7215416138,126082616.0,632467.5604835693,My Portfolio
2019-03-06,645807.2556096343,632644.8043767242,635986.2617436675,638226.0413914947,164125978.0,628481.0882680207,My Portfolio
2019-03-07,642391.434400293,631141.2622964112,638709.6345803468,636453.1631753175,112348160.0,626852.9649666992,My Portfolio
2019-03-08,640156.7610782317,628539.1344150237,633859.510910385,636595.3314365081,137503308.0,627014.4152789764,My Portfolio
2019-03-11,644180.9415878968,633231.8386063294,639145.2526383118,637065.9849228577,265603657.0,627562.8393936829,My Portfolio
2019-03-12,648102.1982375458,635523.1319228485,638957.7568465546,642139.4887648895,131087847.0,632512.4292739227,My Portfolio
2019-03-13,643632.2416014557,636017.8514189606,638909.4737028962,640545.4222960358,121250307.0,630969.5203337555,My Portfolio
2019-03-14,652911.7967840851,639373.2429205597,639795.7002875031,648743.9148565949,94961421.0,638946.3907202423,My Portfolio
2019-03-15,661521.8683538055,649312.7278203582,650252.6815099334,658785.1443090057,205601946.0,648917.177194748,My Portfolio
2019-03-18,663815.5745548401,656233.076660553,659883.0813907776,660900.8854221497,63383532.0,651014.8167881165,My Portfolio
2019-03-19,667381.2723212738,659890.3228431244,661250.0160041351,665164.6812720795,82860244.0,655193.5136069794,My Portfolio
2019-03-20,671227.9544734405,657039.6046504425,665936.2090358185,657220.6472834991,85698238.0,647479.7588984894,My Portfolio
2019-03-21,661538.4681807191,650350.7616835267,655488.2181807191,656326.9629164368,79355803.0,646670.5771071105,My Portfolio
2019-03-22,659545.5324232788,643877.644529602,657490.0532973022,644104.8083937378,96319422.0,634617.5928938598,My Portfolio
2019-03-25,645325.0023471314,633950.9459430176,643836.0956851441,636613.574025293,120206814.0,627276.9097781617,My Portfolio
2019-03-26,642977.4082056244,633798.7814432343,637691.1235605439,638938.5867105683,93833473.0,629590.6615015229,My Portfolio
2019-03-27,643762.3674359833,629875.1179547821,638127.6174359833,635700.150944284,119808162.0,626407.1833142792,My Portfolio
2019-03-28,637950.5861731598,625971.8429251739,633823.3962699005,628762.7038947174,93376984.0,622682.1952735016,My Portfolio
2019-03-29,638626.4156492341,627426.76978284,631664.4210126984,634184.9987257111,105421282.0,628066.743057071,My Portfolio
2019-04-01,644502.9938035522,632369.7236314331,638822.8817811523,641637.2627549683,156499793.0,635451.608763269,My Portfolio
2019-04-02,649539.2981042939,640099.1479272919,643513.6609125214,648239.7028436738,133490514.0,641962.5882501679,My Portfolio
2019-04-03,658217.9977162567,647493.7061360565,650040.7713978973,654543.4108784881,95613279.0,648131.5180562225,My Portfolio
2019-04-04,656542.7388025483,648916.5247675141,653438.3135400971,655602.7696710785,74704381.0,649190.8768488129,My Portfolio
2019-04-05,659145.150885437,646011.5586155396,656802.9756229859,649799.6089695435,119552067.0,643329.940893982,My Portfolio
2019-04-08,653643.336612619,645531.125385202,650032.9334601532,646482.4120520721,83082858.0,640056.0800208221,My Portfolio
2019-04-09,654378.7781031495,642837.5558283692,645934.3961756593,648318.0131953126,93927272.0,641747.2706568604,My Portfolio
2019-04-10,653688.344716272,645561.9945423218,649528.2445423218,648974.8427936645,139194365.0,642457.0501606079,My Portfolio
2019-04-11,648971.7987772492,636478.1487680939,642366.8247324494,644067.6450907257,99954105.0,644067.6450907257,My Portfolio
2019-04-12,649083.2235094055,640743.8422838196,646640.2778917297,647965.0859666809,119603887.0,647965.0859666809,My Portfolio
2019-04-15,654739.0751384858,646138.8639110688,647185.3360180024,652479.1181224945,80990990.0,652479.1181224945,My Portfolio
2019-04-16,661467.6849750611,651202.8191913697,654321.6233905884,655784.4776081177,70906792.0,655784.4776081177,My Portfolio
2019-04-17,664546.7883687775,649827.8539968292,657767.2915273468,657062.0369649689,86734709.0,657062.0369649689,My Portfolio
2019-04-18,661838.0672127411,651636.5538765595,658210.8823067353,657643.7665077851,79540186.0,657643.7665077851,My Portfolio
2019-04-23,656124.9886606354,643953.3541086335,653825.7798898835,649564.9491861481,98665565.0,649564.9491861481,My Portfolio
2019-04-24,654723.1892112945,644333.8516716217,649932.9199089264,650480.9899162506,83416144.0,650480.9899162506,My Portfolio
2019-04-25,653127.537753421,642158.588458377,651106.1902039825,647255.1868775665,69134399.0,647255.1868775665,My Portfolio
2019-04-26,655452.1984848877,643414.4256729981,648178.2884812256,654319.5098862549,232519583.0,654319.5098862549,My Portfolio
2019-04-29,660045.1136787415,650800.8633277894,654877.661743927,655910.9540260315,67146264.0,655910.9540260315,My Portfolio
2019-04-30,657173.7346315461,645468.9102449494,653853.8477907258,646920.2646303254,136874671.0,646920.2646303254,My Portfolio
2019-05-01,653982.2490219634,644069.0406021636,649357.7779678863,645630.5841049713,44132294.0,645630.5841049713,My Portfolio
2019-05-02,653145.1444018281,641616.7142260468,643542.3235247529,647585.671242038,83924678.0,647585.671242038,My Portfolio
2019-05-03,648336.8700902618,640460.3162267364,648336.8700902618,642135.8044774688,61068397.0,642135.8044774688,My Portfolio
2019-05-07,649729.1200024475,633443.1217572083,638325.9461438049,639096.861579596,99271587.0,639096.861579596,My Portfolio
2019-05-08,640268.8369012055,622059.4747948822,635934.6321587738,624304.0280404267,154765943.0,624304.0280404267,My Portfolio
2019-05-09,625501.1780989014,612704.3255522095,622017.1552030884,615381.3544981324,153433602.0,615381.3544981324,My Portfolio
2019-05-10,616858.2608098999,604501.2100210205,612845.0493154541,611030.2291402832,76961622.0,611030.2291402832,My Portfolio
2019-05-13,610686.0568421874,587014.0255235229,608089.9808839355,588454.3742936645,200692211.0,588454.3742936645,My Portfolio
2019-05-14,599378.9429408752,577825.3900462829,587489.1530315124,581716.9430400573,206920981.0,581716.9430400573,My Portfolio
2019-05-15,587036.5843867585,572271.2104472442,585012.9738673493,580895.1586894318,156372876.0,580895.1586894318,My Portfolio
2019-05-16,586588.1259603058,574704.7100896393,579683.809210733,583443.9963216339,139679528.0,583443.9963216339,My Portfolio
2019-05-17,582352.3305781251,573656.6195185547,580593.1423304444,579109.5303080445,135166175.0,579109.5303080445,My Portfolio
2019-05-20,584141.4111617493,571499.0158980774,578754.6665099548,578785.1851104187,197974897.0,578785.1851104187,My Portfolio
2019-05-21,582248.7214872802,573610.5781614746,579268.3914854492,577420.1254408325,100174108.0,577420.1254408325,My Portfolio
2019-05-22,578961.9283531616,567405.5080040405,577588.0544975707,569986.380287976,130876794.0,569986.380287976,My Portfolio
2019-05-23,568717.705187503,555700.1494852935,566662.611765567,560603.9800059234,132360535.0,560603.9800059234,My Portfolio
2019-05-24,556132.6131830139,545193.2329111022,549418.4451074523,549378.5510797424,93812038.0,549378.5510797424,My Portfolio
2019-05-28,540289.8247375488,529691.5750045776,535352.4481582642,534158.1421051025,108590019.0,534158.1421051025,My Portfolio
